[{"id":"62881036683241@s.whatsapp.net","name":"Xlord Store","age":"ce52ecfb5f7941737037"},{"id":"6285646432505@s.whatsapp.net","name":"alicia","age":"af098447edf8f5e81110"},{"id":"6283899954027@s.whatsapp.net","name":"Nzl ᡃ⃟ᡃ⃟ᡃ⃟ᡃ⃟ᡃ⃟ᡃ⃟ᡃᡃ⃟ᡃ⃟ᡃ⃟ᡃ⃟","age":"c0c2055b8bcf5acaa687"},{"id":"62881026724643@s.whatsapp.net","name":"Yori Chan","age":"af49d665fb9997dd343d"},{"id":"62881026724643@s.whatsapp.net","name":"Yori Chan","age":"26e32c909042351482f3"},{"id":"62881036683241@s.whatsapp.net","name":"xlordstore","age":"4282a0237f81372d1488"},{"id":"62881036683241@s.whatsapp.net","name":"xlordstore","age":"2158c7746246d269ab1f"},{"id":"6282328489466@s.whatsapp.net","name":"𝓡𝔂𝓾𝓳𝓲 𝓚𝓾𝓷 [C.D.T]","age":"78894055fa69da7cdf23"},{"id":"6282328489466@s.whatsapp.net","name":"𝓡𝔂𝓾𝓳𝓲 𝓚𝓾𝓷 [C.D.T]","age":"7c42433e554376a404ae"},{"id":"62895339369871@s.whatsapp.net","name":"Ibu Kastik","age":"af92539c41e1a94c85ce"},{"id":"6285708803936@s.whatsapp.net","name":"saya","age":"ccbf673e2c8d37fbf99e"},{"id":"62895606093746@s.whatsapp.net","name":"iYonn Raja Ibelis","age":"bbb48de7fe240afdce92"},{"id":"62895626964030@s.whatsapp.net","name":"Zkaa","age":"2ba8ef7b12edbdc49f73"},{"id":"62895342022385@s.whatsapp.net","name":"ErerexID Chx","age":"c350669eab0533e5c151"},{"id":"6285773467857@s.whatsapp.net","name":",  , ;ẹ̷͓̺̰̽̍͛̉̐̔͋̓̚͜","age":"ae5022ea1dd5f3dd536c"},{"id":"6285971105030@s.whatsapp.net","name":"N E X G E N T E C H","age":"a4ba5fe28bea64601b75"},{"id":"62882005011512@s.whatsapp.net","name":"she'!","age":"7fb023f402228b63710a"},{"id":"62895323113989@s.whatsapp.net","name":"raraa n bf wk","age":"c2ffabbf9dd65d5ff91c"},{"id":"6287768823424@s.whatsapp.net","name":"nay or zhra","age":"4d6c08daa21db264dbc4"},{"id":"62881011302623@s.whatsapp.net","name":"꒷ 𝐒һіᥣᥲ ☆「𝐀𝐆」༅","age":"1c3cfc0938516965c5e5"},{"id":"6287864579059@s.whatsapp.net","name":"mkfs.ext4 /dev/sda","age":"7d77e064d073a0abb141"},{"id":"62895326148884@s.whatsapp.net","name":"Arifuu","age":"eda4b764bebbf5cc912b"},{"id":"6283191557356@s.whatsapp.net","name":"enaYy oKy✧","age":"2648044e7ebc5db265f5"},{"id":"62857185066201@s.whatsapp.net","name":"aybsptr2","age":"3376508996ede013bd30"},{"id":"6283139791821@s.whatsapp.net","name":"WhatsApp","age":"5f49901077144991cb1d"},{"id":"6283842257688@s.whatsapp.net","name":"𝗔𝗔𝗣⁩•𝑮𝒊𝒂 𝑴𝒂𝒚𝒐`𝟗𝐤","age":"1fc14f3877275fec9013"},{"id":"6287795094578@s.whatsapp.net","name":"~ok","age":"2922f0e98e84ddc46f47"},{"id":"6281260084083@s.whatsapp.net","name":"ByuPorYou","age":"44f21b8bd24f8f9789fe"},{"id":"62882006455745@s.whatsapp.net","name":"𝐀𝐥𝐝𝐨","age":"09eef3ce08880e2050fb"},{"id":"62895372104090@s.whatsapp.net","name":"𐙚","age":"bee69186cec416ffe83a"},{"id":"6281348627792@s.whatsapp.net","name":"teddy","age":"320f42d0a5159f4b5edf"},{"id":"6283169566533@s.whatsapp.net","name":"Michael","age":"3aebc38bf73735264581"},{"id":"62895324070395@s.whatsapp.net","name":"『GSC』Xenz404","age":"cee8f010e552b4eba686"},{"id":"6285823774367@s.whatsapp.net","name":"ndàäbluttt🎀🎀🎀","age":"fb81a62803866647faa1"},{"id":"6283125607614@s.whatsapp.net","name":"chaa","age":"e76933e8361f74ef9c99"},{"id":"6285770565295@s.whatsapp.net","name":"Diit Store","age":"f9471b33b5d5a3040e60"},{"id":"6285920502188@s.whatsapp.net","name":"val mode on aktif","age":"8a65699030362c0c75f3"},{"id":"6285947342319@s.whatsapp.net","name":"cavadeiro","age":"547defa37648b19c1f69"},{"id":"6289681857295@s.whatsapp.net","name":"Aditia","age":"0549fa17ea67d894d093"},{"id":"6281770025145@s.whatsapp.net","name":"Ken?","age":"3ba6a9f17fd554effd38"},{"id":"6283870430507@s.whatsapp.net","name":"icibos'denz","age":"f00e0a0875a2e8559bf1"},{"id":"6285213924743@s.whatsapp.net","name":"nonoyyy","age":"5e23ad96dae229251de2"},{"id":"6287751678746@s.whatsapp.net","name":"𝓥𝓪𝓵𝔃𝔀𝓪","age":"4c352e5bb0db87fd0b9e"},{"id":"6281270338500@s.whatsapp.net","name":"Saya Satrio","age":"cc65a300557d7a45f67c"},{"id":"6289521749280@s.whatsapp.net","name":"Fzaa","age":"ae9ba94b0af0e9fb5296"},{"id":"6281953922184@s.whatsapp.net","name":"~leaa🐣","age":"5d955bac95c68fccc7a2"},{"id":"6289501553111@s.whatsapp.net","name":"— ardn","age":"86739556f6d32a4bfcd3"},{"id":"263777374912@s.whatsapp.net","name":"Cench","age":"ee8e5f04193c1a9a8e46"},{"id":"6283865644376@s.whatsapp.net","name":"Marzx🤙🏻","age":"bef1607219942ed9f946"},{"id":"6283141587674@s.whatsapp.net","name":"mama jannah","age":"f2a41d8e95c5cede2b11"},{"id":"6283874478022@s.whatsapp.net","name":"YudzHost[own]","age":"db7af8e81cac8a3168b1"},{"id":"6289506194428@s.whatsapp.net","name":"FAREL STORE","age":"2086a96f8d2c93f615e2"},{"id":"6281393725270@s.whatsapp.net","name":"Siti Khotijah :V","age":"b653dc573ce1adeeada3"},{"id":"6282322734162@s.whatsapp.net","name":"I'm Tired","age":"b302b230d1cb90c9eb4c"},{"id":"6285216662078@s.whatsapp.net","name":"nath","age":"be34ce7e98ce02bab069"},{"id":"6285890735785@s.whatsapp.net","name":"cherrie #lovng.jaeyunie","age":"c4474e8926ab113f3e66"},{"id":"6285609550953@s.whatsapp.net","name":"~RENZSTORE~","age":"acbf0a74b66e2ec70d0f"},{"id":"6285172153663@s.whatsapp.net","name":"ahmadd","age":"66a560a149e1b2fa0d0a"},{"id":"62895630140094@s.whatsapp.net","name":"イセンの","age":"1a698d22b568a0878213"},{"id":"6287719393642@s.whatsapp.net","name":"エイミー","age":"0510e29df27b9de6aa5b"},{"id":"62887437791755@s.whatsapp.net","name":"kyza cape diselingkuhin","age":"ca86b9c665978c04e293"},{"id":"6285871665070@s.whatsapp.net","name":"hamad","age":"ded00f300cbd395de7bd"},{"id":"6281217912886@s.whatsapp.net","name":"c","age":"4bdada9d5a9ff038e178"},{"id":"6287786387991@s.whatsapp.net","name":"nadin","age":"c7b5c8004e664603b065"},{"id":"6281328369557@s.whatsapp.net","name":"San ft : 阿夜之虚芋事","age":"39bf1b8937e469d0814c"},{"id":"6285150772285@s.whatsapp.net","name":"lea jir","age":"ec54378764642bf1cab9"},{"id":"6285269637682@s.whatsapp.net","name":"(ℒ)over ‹𝟹","age":"600e1291def3b50a85f4"},{"id":"6283130793374@s.whatsapp.net","name":"rapzzアダルシク","age":"deceb5e515f8b1608233"},{"id":"60175461086@s.whatsapp.net","name":"sai","age":"b9a3e3d050d0ffeb9554"},{"id":"94740477644@s.whatsapp.net","name":"🐷","age":"cba10838f93c6c275ad6"},{"id":"6283870886916@s.whatsapp.net","name":"Puki","age":"eaaee4f7178883611067"},{"id":"6285231001461@s.whatsapp.net","name":"Pe","age":"4d6ea9efb36cc9b9e415"},{"id":"62895364906379@s.whatsapp.net","name":"Guy Crimson","age":"ade43fb78e339f6050a2"},{"id":"6281917079318@s.whatsapp.net","name":"𝙒𝙖𝙛𝙛𝙯𝙯 💤🕯","age":"ab2e12b3fa8d56549d63"},{"id":"6289501969988@s.whatsapp.net","name":"NAFISAH ADELIA P. X-PPLG","age":"da4c9eb83c02560fda94"},{"id":"6283102239857@s.whatsapp.net","name":"ney𐀔","age":"475f3dd154ba7a1b63d2"},{"id":"6281228233753@s.whatsapp.net","name":"Zero Two Project","age":"9ec2fb9627e1cfe06f5d"},{"id":"6285736830102@s.whatsapp.net","name":"Corllert Lagi Belajar","age":"0917584c6816a2ab86f0"},{"id":"6289654986234@s.whatsapp.net","name":"d","age":"be10c90789c4a7f43b5f"},{"id":"6281539853843@s.whatsapp.net","name":"Sull","age":"e021ffc8390ac3145759"},{"id":"6283873773529@s.whatsapp.net","name":"31Ditzzuu—","age":"f73036d56ea8484f4481"},{"id":"6285922986117@s.whatsapp.net","name":"K4izY FOTOSINTETIS ESC","age":"81bb4527cb53d96c1ead"},{"id":"6283151682380@s.whatsapp.net","name":"Malvin'e","age":"7deb93bcb946f7affd41"},{"id":"6283876708437@s.whatsapp.net","name":"masyallah asyaa","age":"59dd594075072bf5d3bb"},{"id":"6283847214590@s.whatsapp.net","name":"ZAYD_543🏎️","age":"1110fe17e8f75a78b04c"},{"id":"6289508436049@s.whatsapp.net","name":"asyaa ah💋","age":"2b4940e3fd372fb56a2b"},{"id":"6285133475252@s.whatsapp.net","name":"ɴᴀᴛᴀ ᴅᴇ ᴄᴏᴄᴏ","age":"139c5c90597eea839427"},{"id":"6283175838329@s.whatsapp.net","name":"Yuen","age":"46a32a5ee6734eee2da0"},{"id":"6289652153276@s.whatsapp.net","name":"— zayyanx︱𝐒teel𝐆irlsOne 𐀔","age":"0e8654ccf53d465c3611"},{"id":"6281243558305@s.whatsapp.net","name":"Fanyy","age":"3ffd82057390b67f05c1"},{"id":"6282213447432@s.whatsapp.net","name":"eca is bàck !","age":"7dd8d1ffe067b5d941de"},{"id":"6283826526828@s.whatsapp.net","name":"je sou che","age":"4c5ca828ab5cb5161e27"},{"id":"6285795878159@s.whatsapp.net","name":"한수영","age":"1c44437858c4df77aa69"},{"id":"6287775953833@s.whatsapp.net","name":"Z","age":"29d14dfd8fb42d185ca1"},{"id":"6282378436200@s.whatsapp.net","name":"qilzzly","age":"c95217513afaf3aea22e"},{"id":"6285693159373@s.whatsapp.net","name":"~S....","age":"6c0e0dea6f8b4c230260"},{"id":"62857106777264@s.whatsapp.net","name":"Ney","age":"c85d1afc854408c2a29c"},{"id":"6281314815954@s.whatsapp.net","name":"zii","age":"2782de4f3b45612a1a1d"},{"id":"6285830418554@s.whatsapp.net","name":"META NUSANTARA","age":"d6f8ea72991c8bb0bf15"},{"id":"6281545448526@s.whatsapp.net","name":"𝐂𝐢𝐧_𝔣𝔱𝐗ᴰ𝟏𝟒𝟓","age":"9f1f9762bedcb21aa602"},{"id":"6285640716331@s.whatsapp.net","name":"desta","age":"02f560e2b4d1ee0be0ea"},{"id":"6289526919174@s.whatsapp.net","name":"biar apa? biarin","age":"b77a47bc5a52177f13a8"},{"id":"6281952535942@s.whatsapp.net","name":"Vynn","age":"ecdf889de7ac6855869e"},{"id":"6285362798884@s.whatsapp.net","name":"Me?","age":"b036dc88959aac684ac9"},{"id":"6287764802077@s.whatsapp.net","name":"fadly","age":"28c814727fda0acb19ea"},{"id":"6283178776106@s.whatsapp.net","name":"kirana","age":"ce1c6bcbf46caff0a5b2"},{"id":"6281918088999@s.whatsapp.net","name":"Gloo ୨୧","age":"a8b9480a31961dd929f8"},{"id":"6285890359138@s.whatsapp.net","name":".","age":"4622e4d3d18aef5841ec"},{"id":"6281291558972@s.whatsapp.net","name":"𝑹𝒊𝒔𝒔𝒚︱𝐒teel𝐆irlsOne 𐀔 `ɖą۷ơŋɛཞ¹⁰","age":"dc2570ac6cbbe239d666"},{"id":"6283898113580@s.whatsapp.net","name":"─ 𝐅𝐚𝐲𝐲𝐢𝐧 || ᵀᴮ𝕱𝖔𝕭`🕊","age":"6b4dc308abff23c311d8"},{"id":"6285749276268@s.whatsapp.net","name":"Reachan","age":"b130f0fc02fbeb330dc1"},{"id":"6285397335586@s.whatsapp.net","name":"˚₊·͟͟͞͞𝐒yilaztya〢 ᴸⱽᴳˋ","age":"babcda725962cb116d5c"},{"id":"6283152603573@s.whatsapp.net","name":"XGunzzzMC Tech","age":"1c7f9062e364c6c914fc"},{"id":"6282141443007@s.whatsapp.net","name":"Marpel","age":"b2cc93b83f28817b4ee8"},{"id":"6287737420341@s.whatsapp.net","name":".","age":"7a8de19180b4f73556af"},{"id":"6287746585237@s.whatsapp.net","name":"Zyul","age":"3e00b88ca5f2adce8c39"},{"id":"6285738042127@s.whatsapp.net","name":"belaa","age":"bb553ead49691be9d73b"},{"id":"6282148387405@s.whatsapp.net","name":"lg butuh no telegram klo ada chat aja nanti jadi bot gratis","age":"7a4e1687c134f682ff4c"},{"id":"6285710471503@s.whatsapp.net","name":"huo kim","age":"0dbe9ce64b185678155d"},{"id":"6289527341082@s.whatsapp.net","name":"dikz","age":"966e773823b1ea676fed"},{"id":"628973119636@s.whatsapp.net","name":"rxyn.","age":"b96277e8d9afe0523b9b"},{"id":"6283119672607@s.whatsapp.net","name":"Naa.","age":"c1ccf4a0f14a352b766e"},{"id":"628812967375@s.whatsapp.net","name":"mermet","age":"6b5ff8b27dcf11e20df4"},{"id":"6285879443950@s.whatsapp.net","name":"宗 ⋆","age":"c60d918c4bb2417d2b6d"},{"id":"6287743800239@s.whatsapp.net","name":"lala anak baiq","age":"279a30c1337d28cc4d6e"},{"id":"6282199055998@s.whatsapp.net","name":"Kiko Capek Di Kenon","age":"0ac7a54a4fcdb349658c"},{"id":"6281543496975@s.whatsapp.net","name":"Xxyroo","age":"b61745bb26511de3c07c"},{"id":"6283139203684@s.whatsapp.net","name":"Pion `𝐇𝐎𝐔𝐒𝐄𝐍 ←","age":"21869bad95218c52cae7"},{"id":"6281549011147@s.whatsapp.net","name":"𝖏𝖚𝖓𝖟","age":"2d78f58e418d16028b8a"},{"id":"6283144909484@s.whatsapp.net","name":"P","age":"b6229b91bd02afc1c712"},{"id":"6288247980541@s.whatsapp.net","name":"thellya gods3 MARTELL","age":"d8f9badb829fedbdf026"},{"id":"62895321671493@s.whatsapp.net","name":"Yanxzsmith","age":"6ec82455e984b02641b4"},{"id":"6283178367625@s.whatsapp.net","name":"azwashilfa16","age":"0a67fd89852557cdf1bb"},{"id":"6289526960348@s.whatsapp.net","name":"Noy","age":"633661c8ad8ef3c70e2e"},{"id":"6288224207465@s.whatsapp.net","name":"Taki","age":"d2adbe9a77c7d4534e98"},{"id":"6283894523675@s.whatsapp.net","name":"Ferzz mode alucard 🥶","age":"6d437325b2f31fd7ebd4"},{"id":"6283134781465@s.whatsapp.net","name":"tedy sate","age":"340235ae234f899b3898"},{"id":"6285382019502@s.whatsapp.net","name":"ZooxID","age":"f4d985679d05639c3621"},{"id":"6285933667869@s.whatsapp.net","name":"ㅤㅤㅤㅤㅤㅤㅤㅤㅤㅤㅤㅤㅤㅤㅤㅤㅤㅤㅤㅤRizqi","age":"edb58f77c4c93884f773"},{"id":"6283821550011@s.whatsapp.net","name":"𝗉υ𝗍rꪱ๋ꜱᧉი𝗄","age":"3282888338cab65bef62"},{"id":"6285760841527@s.whatsapp.net","name":"N","age":"86f8bd0704c4b1e3032b"},{"id":"6282210812754@s.whatsapp.net","name":"DILZY STORE [2754]","age":"8f48ca5db75406be50ae"},{"id":"6285890591448@s.whatsapp.net","name":"Polici Dari Pluto","age":"633d70e9bdad0235cb85"},{"id":"6287787469331@s.whatsapp.net","name":"Vanzz","age":"ebcf85ecc4a97cd214d1"},{"id":"6281563216261@s.whatsapp.net","name":"catelinn","age":"be0443342527560a3abf"},{"id":"6281383861993@s.whatsapp.net","name":"西彭克","age":"4a365d7e57119237dc5a"},{"id":"6285971866665@s.whatsapp.net","name":"c","age":"179f2ef5f043c2b7d372"},{"id":"6282344934429@s.whatsapp.net","name":"Lyanzz BOT","age":"34d85ff29cdf773dfda4"},{"id":"6282257997245@s.whatsapp.net","name":"asyaa JM`","age":"12ead434a0427634c1c4"},{"id":"6283833322862@s.whatsapp.net","name":"𝘿𝙃𝙄𝙄𝙄 𝙆𝙐𝙍𝙊𝙎𝘼𝙆𝙄","age":"47777f12e207125bc653"},{"id":"6285851674078@s.whatsapp.net","name":"xiwa gEmOi","age":"c573448f9f91ad085769"},{"id":"6288802857790@s.whatsapp.net","name":"adya","age":"3c70b9d84fa37aa04051"},{"id":"6287810038665@s.whatsapp.net","name":"ddlyliazzybndrsabu","age":"ba57b67cd89299243fc3"},{"id":"62895400764314@s.whatsapp.net","name":"50%","age":"05703251523fc3649908"},{"id":"6285693445181@s.whatsapp.net","name":"ㅤ","age":"48f7f59cb427afa259f5"},{"id":"6282138504644@s.whatsapp.net","name":"sigma girl XD","age":"fd46f2af8892436a9166"},{"id":"6281248925150@s.whatsapp.net","name":"Annisa Diatyz","age":"ac5b22aff55b6a0dfbbb"},{"id":"6281574907725@s.whatsapp.net","name":"-15KyyTejii","age":"662ee98bcf35839fa08d"},{"id":"6287835427933@s.whatsapp.net","name":"tulip","age":"47f4f4f0f338a11fa713"},{"id":"628815784779@s.whatsapp.net","name":".","age":"f218e386aa888f23571d"},{"id":"62882006536031@s.whatsapp.net","name":"PUTRA SEKOLAH","age":"4aff0dfb4e9cff8f95c2"},{"id":"6285737449808@s.whatsapp.net","name":"ミスタービーン | 212","age":"4d6247cc7f087d20448c"},{"id":"6283822831779@s.whatsapp.net","name":"yazid","age":"5281a49db17ae2cfc466"},{"id":"6285724907258@s.whatsapp.net","name":"ZukuTzyy","age":"65553b9fd3153fad215a"},{"id":"60126348249@s.whatsapp.net","name":"❤Tome❤","age":"fb4ddc8511a703ea59f7"},{"id":"62881012971116@s.whatsapp.net","name":"ipiicwekull🥶🦖🦖","age":"4b31146bdacfefe38c4b"},{"id":"6283836803301@s.whatsapp.net","name":"Mitikal","age":"789c3c941de0bd6a6577"},{"id":"6282375511641@s.whatsapp.net","name":".","age":"9fc6358dfa522e4297d9"},{"id":"6285240409162@s.whatsapp.net","name":"\"Botol Yakult\"","age":"bf7a859e1bad8c907860"},{"id":"6285652116258@s.whatsapp.net","name":".","age":"72d07a723fa1ecabeec8"},{"id":"6282213925858@s.whatsapp.net","name":"kurikulummerdekahater911","age":"d60cfb7cdaef95fe402c"},{"id":"6285609127080@s.whatsapp.net","name":"Zall","age":"3b54b252d001809a8088"},{"id":"6282318504746@s.whatsapp.net","name":"🗿","age":"710cd0a817457cb3eca9"},{"id":"6283187979459@s.whatsapp.net","name":".","age":"e6c64100775a01986417"},{"id":"6282129982901@s.whatsapp.net","name":"eLzzz ft 𝐒𝐓𝐂","age":"e0e1337596c4484934bb"},{"id":"6285717633753@s.whatsapp.net","name":"YT kastrolmodz666","age":"1a6e8fc79f2730c75a2b"},{"id":"6283867721492@s.whatsapp.net","name":"Zenkai lucano【静かな】","age":"9fd7f4614fa158d388a4"},{"id":"6289502270896@s.whatsapp.net","name":"lintanggggggg..","age":"e8108f83110a1844d154"},{"id":"6285379446131@s.whatsapp.net","name":"ddega","age":"ef70f27035c2945c6ad1"},{"id":"6288213743488@s.whatsapp.net","name":"poioio","age":"13a7ad999405abfde2fd"},{"id":"628895301668@s.whatsapp.net","name":"Naa ᴹᵉᵐ`𝖙𝖍• ᴰᵐˢ☣︎𝐋𝐘𝐀ᬊ𝐌𝐄𝐌","age":"ea749d33950969a74544"},{"id":"6283892079663@s.whatsapp.net","name":".","age":"df5b63540227dbef938c"},{"id":"6285183885551@s.whatsapp.net","name":"Donn","age":"4a5ea8d6a40d451a948c"},{"id":"6289512383258@s.whatsapp.net","name":"HanZz","age":"5d336bc33476954df3c6"},{"id":"6288228863917@s.whatsapp.net","name":"ara yakult","age":"624cfe7484dfc8b9bd0f"},{"id":"628895255254@s.whatsapp.net","name":"Nino","age":"9abf8de2e8ef40a06d4c"},{"id":"6285176742914@s.whatsapp.net","name":"騎 — 𝐎𝐫𝑒𝑒℘","age":"b4f17d56e4dc3c6ea87d"},{"id":"6288985194540@s.whatsapp.net","name":"kyy.","age":"371558c67d24718403c1"},{"id":"6283143790016@s.whatsapp.net","name":"ファイズ","age":"efe51dc8e211425e6e3e"},{"id":"62882006115507@s.whatsapp.net","name":"n","age":"3f4b9ca105de1dceb0c3"},{"id":"6283817760450@s.whatsapp.net","name":"~callme¢ill","age":"9235efddd07e5c962e5e"},{"id":"62881026842429@s.whatsapp.net","name":"Chy'saa :c","age":"4225ba39d4223ccd8be1"},{"id":"6283844734011@s.whatsapp.net","name":"𝐹𝒶𝓃𝓏𝓏𝒟𝑒𝓋📍","age":"ce8560809ee50bc9da07"},{"id":"6285817571517@s.whatsapp.net","name":".","age":"fefd2e7468d12512201c"},{"id":"6283151467800@s.whatsapp.net","name":"n + z =nangz","age":"edb9fe1546b4696257ff"},{"id":"6285210658644@s.whatsapp.net","name":"Asari","age":"d94a275815ed57730357"},{"id":"6288222116744@s.whatsapp.net","name":"ㅤ","age":"09053da2fe30638c2da5"},{"id":"6283861831589@s.whatsapp.net","name":"n","age":"1fe2e3aeb564e141a3b8"},{"id":"6289501811456@s.whatsapp.net","name":"A","age":"870d5fca76e1934dea97"},{"id":"6283121674985@s.whatsapp.net","name":"X𝙆𝙇𝙐𝙉𝙕𝘼 𝖋𝖙 𝐂𝐂𝐏","age":"f0acba93601623992da2"},{"id":"6285792062973@s.whatsapp.net","name":".","age":"464149f8f817c0ba5fef"},{"id":"6283123784180@s.whatsapp.net","name":"https://wa.me/azmi","age":"22efd16ccbbaeb97cf13"},{"id":"62882006185480@s.whatsapp.net","name":"ryuta.","age":"a3e2d7d4a68933577fb5"},{"id":"62895414455757@s.whatsapp.net","name":"cipuy baik hati😡","age":"b63e47e97922123dceeb"},{"id":"6281398007638@s.whatsapp.net","name":"Radenzz-Xd Store","age":"9cfc2d71afe908c18853"},{"id":"6283162841789@s.whatsapp.net","name":"k-Yálz","age":"44a072da1994bb9ca6e4"},{"id":"6287897041728@s.whatsapp.net","name":".","age":"a6e44fecacc278e5755b"},{"id":"6282219795871@s.whatsapp.net","name":"Nizz suka Mewing","age":"7d753c33a3ac2eb1c1e3"},{"id":"6285768389699@s.whatsapp.net","name":"SHARK'S STORE","age":"bda6e987443543ce8aca"},{"id":"6285852928531@s.whatsapp.net","name":"Berlian","age":"b28520792499bba132ad"},{"id":"6285640120088@s.whatsapp.net","name":"xsouta","age":"9312cd532f8c93301578"},{"id":"6281359126115@s.whatsapp.net","name":"vk","age":"f6ef11cde50718ac635e"},{"id":"6285654757016@s.whatsapp.net","name":"Zzz","age":"03ab199f244598859f6d"},{"id":"6283162978678@s.whatsapp.net","name":"sàsa │𝐒𝐆𝐓 𐀔","age":"9213bef74892aa2361ea"},{"id":"6281334616174@s.whatsapp.net","name":"14niaazzy.","age":"8edbe043f2cb2db0a1d6"},{"id":"6281235536385@s.whatsapp.net","name":"she/her","age":"86b923271c355658d26f"},{"id":"6289681801133@s.whatsapp.net","name":"Israa","age":"be59e5c66009c60a88ba"},{"id":"6281915500790@s.whatsapp.net","name":".","age":"c80184ed83648e8d0e4a"},{"id":"6283159783212@s.whatsapp.net","name":"bryan","age":"ccbe2af007da53f441f0"},{"id":"6281399645525@s.whatsapp.net","name":"xaotzy","age":"3db8d5dbadca96fcaa2c"},{"id":"601116004022@s.whatsapp.net","name":"AllysaaStore PrivN💫✨","age":"ac15c9e58f2154128565"},{"id":"6288805111269@s.whatsapp.net","name":"🪐","age":"e5f5549569cbc1cd7ff8"},{"id":"628882378997@s.whatsapp.net","name":"❂","age":"ce159d45bb2a0e51cf5d"},{"id":"6285696947037@s.whatsapp.net","name":"Cello","age":"4a99d35a2f87eab329c3"},{"id":"628881073040@s.whatsapp.net","name":"MIKAZUKI SELIAY","age":"236e4850f097294cb5f8"},{"id":"6285729433285@s.whatsapp.net","name":"little thing","age":"e20d121a6e017899c2fb"},{"id":"601137163573@s.whatsapp.net","name":"skibidirasz","age":"f0af2a503a6780ff4f1c"},{"id":"6289513910036@s.whatsapp.net","name":"L̶̞̏̍̉͛̿͑̊̏̈́̕ụ̶̈́͋͒͆̔͒̚ͅ","age":"f7f24d3e63710d52c99c"},{"id":"6285256501830@s.whatsapp.net","name":"Belyc Zelvana","age":"9be2d84ee1d106d9291c"},{"id":"6283867401518@s.whatsapp.net","name":"nanaa","age":"31e66d6417d189f177ff"},{"id":"6283144764901@s.whatsapp.net","name":"el loco","age":"cfeaf2841a618ba6888e"},{"id":"6282199509537@s.whatsapp.net","name":"Fauzialifatah","age":"c2220c4b5fdf0c5a1eb9"},{"id":"6288287929625@s.whatsapp.net","name":"Anisa Kayla","age":"198fc874c788b052438d"},{"id":"6283876969807@s.whatsapp.net","name":".","age":"eab6693209b4ca5b5b3d"},{"id":"6282249506564@s.whatsapp.net","name":"~Krzmlz.","age":"3c4cc8c0f9039c965de2"},{"id":"6285830286046@s.whatsapp.net","name":"Adit","age":"a265ec7273dc56a67c0c"},{"id":"6285890075398@s.whatsapp.net","name":"macaa","age":"f7d0d850e93aa12395b3"},{"id":"6289678050502@s.whatsapp.net","name":"ciyzx","age":"2752d6bb931c2d9bcd34"},{"id":"6285133653191@s.whatsapp.net","name":"ze","age":"8209fe8d444a2219b293"},{"id":"6285715243340@s.whatsapp.net","name":"Kentang Goreng","age":"d0fb21111a06ea9d6a2c"},{"id":"6285710908421@s.whatsapp.net","name":"~","age":"61cf09cb5df558bbaed9"},{"id":"6282353079135@s.whatsapp.net","name":"ramza","age":"f50ffc20872c4fce69e5"},{"id":"6285754862270@s.whatsapp.net","name":"محمود هواري","age":"96a1de3781b76beb1758"},{"id":"62881010758842@s.whatsapp.net","name":"pinky","age":"a59dba0f06f9d22c732e"},{"id":"6288804002507@s.whatsapp.net","name":"nànat jeet","age":"045ca0e75d136f33a983"},{"id":"6283866025496@s.whatsapp.net","name":"lil alea. ᵢₛ𝒸ₖˢᵗᵘᵈᵉⁿᵗ","age":"20800e0cfac8e192e1a2"},{"id":"6285852293230@s.whatsapp.net","name":"ayb‮‮","age":"b2c7918630d868eda354"},{"id":"6282338140270@s.whatsapp.net","name":"Farhan","age":"d79b072f5ea11be26f7c"},{"id":"6288295710643@s.whatsapp.net","name":"Viola","age":"e6a4ebdf108f4c8e1299"},{"id":"6283153027922@s.whatsapp.net","name":"Rizz😹","age":"1af57971ff002b0fd86c"},{"id":"6285870719852@s.whatsapp.net","name":"®@m@","age":"b7b54aa907816c099700"},{"id":"6283818412574@s.whatsapp.net","name":"—Fáhri★","age":"fc80ddfdc537881b4812"},{"id":"6288272046012@s.whatsapp.net","name":"Tahta","age":"0ea1ff0e64570b23c427"},{"id":"6285973150738@s.whatsapp.net","name":"cann ya?","age":"f3f3ee2836a4fbeff1b4"},{"id":"6282281231799@s.whatsapp.net","name":"Hōtarō","age":"c2ada6d01018563a490d"},{"id":"6283803860444@s.whatsapp.net","name":"Ronald?","age":"89d99ff3e0fbc3f5dddc"},{"id":"6285397121247@s.whatsapp.net","name":"NONAME","age":"e12c33c24514fa05014e"},{"id":"628813788912@s.whatsapp.net","name":"ᴢᴇʀᴄ´","age":"351e538d9ccc959eb62a"},{"id":"62895366770401@s.whatsapp.net","name":"fakris saputra","age":"b8ebb87736bab90e7d3f"},{"id":"6282297450980@s.whatsapp.net","name":"Den","age":"be59b3fe91863052f15a"},{"id":"601156827878@s.whatsapp.net","name":"Rama","age":"2539f3e95ad692fed47e"},{"id":"6283172100820@s.whatsapp.net","name":"KochouShinobu","age":"779b92b0c02ad7e56e22"},{"id":"51953756787@s.whatsapp.net","name":"是哦是压缩","age":"8e38582a545dd32cd185"},{"id":"6283163421155@s.whatsapp.net","name":"ALEENA`ᵀᴿᴮ⁴⁹","age":"cd5c7800cb2305b666fe"},{"id":"6289635665873@s.whatsapp.net","name":"noel😈💭","age":"b9634245839c5aa8c239"},{"id":"6285794067583@s.whatsapp.net","name":"kanaya indira","age":"54342af6e2c8cd31e1b7"},{"id":"6285820010831@s.whatsapp.net","name":"Dilzz","age":"5b313bccb4b6653d12f9"},{"id":"6285762359108@s.whatsapp.net","name":"Selebw","age":"b93463fd420a1d4fc281"},{"id":"6282139901733@s.whatsapp.net","name":".","age":"2d074b72efd3abbaeadd"},{"id":"6289687768617@s.whatsapp.net","name":"bitz","age":"f22c96290cddf2c933c9"},{"id":"6285187142090@s.whatsapp.net","name":"chila gf aeronshiki","age":"c2f55167ec047dee7948"},{"id":"6285822241408@s.whatsapp.net","name":"lala","age":"3748d59082445e8250e1"},{"id":"62882022039180@s.whatsapp.net","name":"a?","age":"b67b0c384cedcdc5a3dc"},{"id":"6287897108158@s.whatsapp.net","name":"azrielxyz","age":"47dfc9351a489083675e"},{"id":"6285263714938@s.whatsapp.net","name":"ohmyvenny","age":"2f12d9bd6abde89cd750"},{"id":"6285283304934@s.whatsapp.net","name":"c","age":"eaadc5493423bbef38e9"},{"id":"6281546503008@s.whatsapp.net","name":"Off = Paketan Habis","age":"f2f95e8f8dd6f5818464"},{"id":"6282137866911@s.whatsapp.net","name":".","age":"62734c23e05e495a3e11"},{"id":"6288211716448@s.whatsapp.net","name":"Endika⚜️","age":"13a1631517dd917c43e9"},{"id":"6283134660059@s.whatsapp.net","name":"lexza penjelajah","age":"fb7d2a1645e98b2a8eaa"},{"id":"6283115958313@s.whatsapp.net","name":"キングサン★★★","age":"2742a16e3f1aedab94c5"},{"id":"6281225179060@s.whatsapp.net","name":"clrs","age":"e603c69432f3dd48ba93"},{"id":"6283147159417@s.whatsapp.net","name":"Yue","age":"f5b2f6920177bf0c2f17"},{"id":"6281255269664@s.whatsapp.net","name":"Ethan blackwood","age":"35dfcdc3c6db420ca419"},{"id":"6283110690239@s.whatsapp.net","name":"—qׁׅυׁׅꪱׁׁׁׅׅׅ݊ꪀɑׁׅtׁׅᨵׁׅׅ℘ɑׁׅꪱׁׁׁׅׅׅᥣׁׅ֪","age":"bc6171da22031827a021"},{"id":"6283800502579@s.whatsapp.net","name":"marcel","age":"51d400e75e75f388f9d1"},{"id":"6281357719997@s.whatsapp.net","name":"RIZKY ADI RIYANTO","age":"570052648c3d6d88ba70"},{"id":"6283136099660@s.whatsapp.net","name":"Leoo Okkotsu [レオ]","age":"db3181b6748a1f5393f6"},{"id":"263776529963@s.whatsapp.net","name":"AQEBOK","age":"5580940e162d77d5695b"},{"id":"6282143614424@s.whatsapp.net","name":"~sora","age":"be0fd2a010cc6b6b8c3f"},{"id":"6282279162216@s.whatsapp.net","name":"https://i.am/ราRavz mengeluarkan anda                                     .","age":"37436870b4065099a6c3"},{"id":"6281390930615@s.whatsapp.net","name":"mansa YUPZ.","age":"30b7ea4261d31056ecfc"},{"id":"6285763337026@s.whatsapp.net","name":"kareèn🐋🐋","age":"a0681407b372578516c4"},{"id":"6289527396515@s.whatsapp.net","name":"aisy","age":"8d5401d723f07acd5ef4"},{"id":"628818658208@s.whatsapp.net","name":"juan","age":"8e9fd9ed9d62b25d5d41"},{"id":"6285762410056@s.whatsapp.net","name":"𝔬𝔭𝔞𝔩 𝔫𝔢𝔢𝔡 𝔣𝔢𝔢𝔡𝔟𝔞𝔠𝔨","age":"85717ab7e50c19fc676a"},{"id":"6281263462239@s.whatsapp.net","name":"𝖎'𝖙𝖘 𝕸𝖊 𝕯𝖆𝖋𝖟[Https:/Botz]","age":"6241920604fe1fe76f84"},{"id":"6283129700724@s.whatsapp.net","name":"Dex","age":"2d1938b9471804bf966c"},{"id":"6287878825011@s.whatsapp.net","name":"Ril","age":"89cc9e71a1819e6a4476"},{"id":"6282254676539@s.whatsapp.net","name":"Leon S Kennedy","age":"ca485f3f270532015f20"},{"id":"6283149813374@s.whatsapp.net","name":"X616","age":"ee72678c811ed53311f0"},{"id":"6283848156170@s.whatsapp.net","name":"Ardi","age":"88835f79ba965e4f350d"},{"id":"6285133006365@s.whatsapp.net","name":"sunshine nomor 3174 ke banned perma","age":"bfe2ddcddde90b2134dc"},{"id":"6281325857622@s.whatsapp.net","name":"𝐙𝐈𝐄 𝐒𝐓𝐎𝐑𝐄","age":"b70d1b5864081ed9c569"},{"id":"6283899505380@s.whatsapp.net","name":"chilaaa","age":"2e606aaa6b2c9fe2de66"},{"id":"6281286945932@s.whatsapp.net","name":"byan","age":"50e7af1d9c0b739b1b12"},{"id":"6285764094725@s.whatsapp.net","name":"astaga zeennn!!?","age":"32d2bc77ab0b3feb5e74"},{"id":"6285769668470@s.whatsapp.net","name":"linozy","age":"9041820393f070323df4"},{"id":"263711874738@s.whatsapp.net","name":"Ropa.  Bee .Ane  @ Gody","age":"dd99b481e2fa1e089663"},{"id":"263771154808@s.whatsapp.net","name":"Shinnexwachoel ❤‍🩹","age":"39d43c11fef93a9902ca"},{"id":"263712590902@s.whatsapp.net","name":"VOLTZ JT","age":"dea35c19c75cbfed92a1"},{"id":"263780010979@s.whatsapp.net","name":"Neavill@09","age":"9b1ca90b60fc425255cb"},{"id":"6285147107037@s.whatsapp.net","name":"ут ∂αηz χ ηαησ","age":"39e2f8989a82c6b69601"},{"id":"263715189821@s.whatsapp.net","name":"سقشز","age":"913c15959bbdd334169a"},{"id":"6281246493375@s.whatsapp.net","name":"𝐈𝐤𝐲𝐲 - 𝐊𝐓𝐙","age":"f31cbb2c8b87c1a98cae"},{"id":"6283843400449@s.whatsapp.net","name":"sevél","age":"173df2b9f808336352c5"},{"id":"263777071275@s.whatsapp.net","name":"Mkoma Mallie🥾🥾🪖🧳","age":"fdb89611fff9cc8b1b56"},{"id":"263782923957@s.whatsapp.net","name":"🫂","age":"cfb0d3d1f945d581d14c"},{"id":"263718188970@s.whatsapp.net","name":"Munashe","age":"ce282b653ed3612d63a4"},{"id":"263779928517@s.whatsapp.net","name":"Mkny❤️🦋","age":"6a76e6fc1e9c2bec7827"},{"id":"263784756069@s.whatsapp.net","name":"Bee motors and tyre service","age":"0567f3942bf027af1dd0"},{"id":"263785735489@s.whatsapp.net","name":"Ten media","age":"d5e6a6076d3016129e4d"},{"id":"263719848844@s.whatsapp.net","name":".","age":"2cd36568c0c3ec7230b4"},{"id":"263716578002@s.whatsapp.net","name":"Coordinator","age":"a802dc4a58b78da57cb9"},{"id":"263718035750@s.whatsapp.net","name":"Trish V","age":"0cb406bb0726e0ce027e"},{"id":"6285962895110@s.whatsapp.net","name":"DAVA MILIK CH","age":"cfdfeba545597c5ca0a1"},{"id":"263716649570@s.whatsapp.net","name":"grrrr","age":"d0dad27ca6bc4bfe09a5"},{"id":"6287776618191@s.whatsapp.net","name":"~`az-zahra`~","age":"043087f58590379b61f7"},{"id":"263787934241@s.whatsapp.net","name":"Miss Charlotte 🌹💗","age":"cfea7233587983958368"},{"id":"6283867043462@s.whatsapp.net","name":"liaa`","age":"67b0809bac888e0998af"},{"id":"263783680652@s.whatsapp.net","name":"CleSamanyanga03","age":"561716c8509a3b137204"},{"id":"263778156623@s.whatsapp.net","name":"@~SASHA SMOKEY","age":"8a964ff1ff9126fa474b"},{"id":"263785204345@s.whatsapp.net","name":"Carole👩🏽‍🌾🚜💚","age":"2ed44c3371a7f01089b9"},{"id":"263776829272@s.whatsapp.net","name":"Marakati","age":"c031d6567926a4a56e29"},{"id":"263775493013@s.whatsapp.net","name":"H.N.R","age":"8a98b9fc91276c41fb37"},{"id":"6287753420537@s.whatsapp.net","name":"Sir Crocodile 🐊","age":"9b2c6d177f35fab22b0b"},{"id":"263778302427@s.whatsapp.net","name":"Lew V","age":"9e9ed72e80c7bb7041a5"},{"id":"263786217844@s.whatsapp.net","name":"Good Morng","age":"35474eddf33d9d22ab1e"},{"id":"6288235288496@s.whatsapp.net","name":".","age":"40fed751c33777797872"},{"id":"6281371401150@s.whatsapp.net","name":"Tafia 💐","age":"32b2eedb26051b84ffc1"},{"id":"263784435230@s.whatsapp.net","name":"🩵BLUE💙","age":"25a29df106e4987d4c40"},{"id":"263785136270@s.whatsapp.net","name":"Mr Simplicity","age":"17d692882d355390d053"},{"id":"263780919792@s.whatsapp.net","name":"Mumu Tarinz","age":"b963246c47c77ffb9020"},{"id":"94763197926@s.whatsapp.net","name":"√ᴷᴵᴺᴳᴅᴇɴᴇᴛʜᴀᬎ","age":"2daf611331250d6eb293"},{"id":"6281341961782@s.whatsapp.net","name":"Ayu Andini ✌🏻","age":"c9996f32a4f55e464c6d"},{"id":"60164170229@s.whatsapp.net","name":"Daniel😎","age":"37e392e7020457102dde"},{"id":"6283180739063@s.whatsapp.net","name":"~^_^•°• Cristy•°•^_^~","age":"222f93a1abf468865a1e"},{"id":"27609449381@s.whatsapp.net","name":"Realg💥","age":"5cea35f7d94dfc92e42e"},{"id":"263717843748@s.whatsapp.net","name":"NATY","age":"c3eda7657d1de8ca6674"},{"id":"6288270825030@s.whatsapp.net","name":"sasch mischel ~","age":"bbf37814af247c5243c9"},{"id":"263777532305@s.whatsapp.net","name":"Hondowe","age":"0cec2052b546c4bab1e7"},{"id":"263718148033@s.whatsapp.net","name":"Morgen","age":"5a32d1a71d890e8bf044"},{"id":"6282265074102@s.whatsapp.net","name":".","age":"43539c5e5e076b94e560"},{"id":"6285255225461@s.whatsapp.net","name":"Violetta Aja🙇‍♀️🙆🏻‍♀️","age":"795e224180851562bef2"},{"id":"6281269871742@s.whatsapp.net","name":"~°•☆•°~","age":"f8efe03617d3b476d30c"},{"id":"6285857169266@s.whatsapp.net","name":"👑ike Octafiani👑","age":"09296138cdefeea86f52"},{"id":"263718780296@s.whatsapp.net","name":"Emmeson","age":"397a1a1d71d4e7be8453"},{"id":"263786020838@s.whatsapp.net","name":"LILSEAN🎶","age":"327027a044eead790453"},{"id":"263717829234@s.whatsapp.net","name":"Nichboy","age":"df78af1980b0167bbac6"},{"id":"6281520332215@s.whatsapp.net","name":"RIF`15","age":"2d479f961544093c8837"},{"id":"263716689270@s.whatsapp.net","name":"Lenny","age":"634ace2fc5b60446bec1"},{"id":"263773356054@s.whatsapp.net","name":"YAYA","age":"e27c511f17653fa8bd00"},{"id":"263784841576@s.whatsapp.net","name":"Cucullera","age":"4d1e83fb6e116561fe9e"},{"id":"6285398768590@s.whatsapp.net","name":"Sara Rahel","age":"e6024af80add4aa356a9"},{"id":"6283876034712@s.whatsapp.net","name":"azl","age":"2fab50d0f027b44477c6"},{"id":"6287824959511@s.whatsapp.net","name":"*_NIKO AJA_*","age":"4132314dcb0d6895f980"},{"id":"6282276855799@s.whatsapp.net","name":"var","age":"dfc096cc496fe314891c"},{"id":"601123893287@s.whatsapp.net","name":"Miaa","age":"1c5b15fc839a737e49e0"},{"id":"6285787599103@s.whatsapp.net","name":"Neria","age":"515656e98d4c949dc3cf"},{"id":"263710375227@s.whatsapp.net","name":"super star **","age":"6bbd17230aa9737a3203"},{"id":"6289513109752@s.whatsapp.net","name":"Dhanik - Dyto - Dyta","age":"4e42472618c4ed1729ec"},{"id":"6285732040817@s.whatsapp.net","name":"﹒⌗﹒🦢﹒౨ৎ˚₊‧ 𝐈'𝗍𝐬_𝐍ᥲ𝐚","age":"f589913814c5e5cc98ef"},{"id":"263777491066@s.whatsapp.net","name":"SALADIC GANGSTER","age":"1c78c76d8650ea737e09"},{"id":"6281292071023@s.whatsapp.net","name":"Ahli Nauum 🥀","age":"7c4e1a6e12cd5b30b8f8"},{"id":"6287875865499@s.whatsapp.net","name":"ᥣׁׅ֪ɑׁׅɑׁׅɑׁׅ ♥︎♥︎","age":"846e0929e3be4a71b030"},{"id":"6289506220419@s.whatsapp.net","name":"denz","age":"7f61ce71cdf906160cd0"},{"id":"6285182681161@s.whatsapp.net","name":"~① foto͏͏͏͏͏͏͏͏͏͏͏͏͏͏͏͏͏͏","age":"db0690b8b71998e7f6fd"},{"id":"6283825458679@s.whatsapp.net","name":"Putra","age":"cc10261eca679b54a3f5"},{"id":"263780961107@s.whatsapp.net","name":"Missdrue","age":"a57f67fc376141da588f"},{"id":"6287763611450@s.whatsapp.net","name":"-fy〡 𝐒teel𝐆irlsOne 𐀔","age":"c7c910a7ef8029ab48d0"},{"id":"60174559520@s.whatsapp.net","name":"-36495 /Mine♡","age":"11ceb07f5a1eb6db97cd"},{"id":"6281228570241@s.whatsapp.net","name":"Aziz","age":"b51814daaceff6d8736c"},{"id":"6283844734013@s.whatsapp.net","name":"Borough","age":"7c8e8634e1df6193a716"},{"id":"6287881881899@s.whatsapp.net","name":"mahkotad35","age":"5b183d122de972a2d32a"},{"id":"6285219713614@s.whatsapp.net","name":"haiAlok👋🏻","age":"431ed0b024e0c59c9e19"},{"id":"263784490570@s.whatsapp.net","name":"🍫🌹","age":"5f881553de66c6f1e4b3"},{"id":"263788929879@s.whatsapp.net","name":"CBM","age":"52df97519b99fff8c54c"},{"id":"923013770756@s.whatsapp.net","name":"𓆩🇷σzι 🇰нαη 𓆪 👑🇦🇫","age":"3cfe46e6831fb0cb6f55"},{"id":"263784380222@s.whatsapp.net","name":"Mambeva","age":"34aa6064b6c621d668f2"},{"id":"263718184391@s.whatsapp.net","name":"Tinotenda","age":"86d2adbd13773c2cc5b9"},{"id":"6285823232875@s.whatsapp.net","name":"Xuyo","age":"4da1b9b54f91aa955dc2"},{"id":"6283851156736@s.whatsapp.net","name":"zea salsabila","age":"e3fe19c4302319e98b19"},{"id":"6287754743412@s.whatsapp.net","name":"Raflimaulana","age":"574aa42b8e230c5036a1"},{"id":"6281269596030@s.whatsapp.net","name":"͏͏͏͏͏͏͏͏͏͏͏͏͏͏͏͏͏͏͏͏͏͏͏͏͏","age":"0be96ece62010296d5e0"},{"id":"6283830104124@s.whatsapp.net","name":"rapi","age":"50d8aafe17f25eac497d"},{"id":"6285781862561@s.whatsapp.net","name":"rieee","age":"638b5c44fd12eff2f376"},{"id":"6285798920131@s.whatsapp.net","name":"⚡I LIKE ANIME⚡","age":"ba393c0bd43facec8442"},{"id":"6282282176578@s.whatsapp.net","name":"gsbjdop","age":"f87f76d3e3b5622ebba5"},{"id":"263788973877@s.whatsapp.net","name":"M","age":"46ca85ce690a98909462"},{"id":"6287715148330@s.whatsapp.net","name":"Znys~","age":"b735d8a72da190b57396"},{"id":"6282138610613@s.whatsapp.net","name":"Liungg💤🐞","age":"66d6e59ff895a307e639"},{"id":"6282310397373@s.whatsapp.net","name":"cyan","age":"1b9a4ac20b552dc87210"},{"id":"6283838312272@s.whatsapp.net","name":"arbas i'm here🪐","age":"680104e5b540c34730c9"},{"id":"6285923351198@s.whatsapp.net","name":"Hanzy","age":"6190701637ce07d70fb0"},{"id":"6283137067023@s.whatsapp.net","name":"Vin","age":"00ed03970a570bb4a2ab"},{"id":"6283824891906@s.whatsapp.net","name":"Zaii","age":"7d048ba3390f33a8beaa"},{"id":"263779414352@s.whatsapp.net","name":"Natswa","age":"30c2c50a28eb34ab5e7f"},{"id":"6283836271028@s.whatsapp.net","name":"mall","age":"6c57febe7407033c2f30"},{"id":"62895405449333@s.whatsapp.net","name":"Dhika~ 🍃","age":"1a14ab3dc79ca8fc6676"},{"id":"6285786688801@s.whatsapp.net","name":"..","age":"9261763bbfc6fb2282c2"},{"id":"6282176291775@s.whatsapp.net","name":"ㅤ","age":"d54b53ffb92b70a9e5bf"},{"id":"6282312106346@s.whatsapp.net","name":"tiaaa gemoyyy","age":"e32843b32144e626c17d"},{"id":"6282248671115@s.whatsapp.net","name":"capaaa","age":"acafebb03b16dddf14db"},{"id":"62895351667298@s.whatsapp.net","name":"ikhwnn","age":"8cec069ec3611c4a6abb"},{"id":"6282149704498@s.whatsapp.net","name":".","age":"03c59c31e1fa3d156933"},{"id":"62831209526698@s.whatsapp.net","name":"𝐌𝐓𝐇 𝐒𝐓𝐎𝐑𝐄","age":"bc07cb2abae4711f678d"},{"id":"6283875528373@s.whatsapp.net","name":"rdevi☆","age":"b613d8471b4c69b5f5bd"},{"id":"6285794158495@s.whatsapp.net","name":"Ryủu","age":"ebca318abc1b886de94f"},{"id":"263719452221@s.whatsapp.net","name":"RUE❤‍🔥","age":"a7ced614f5af98d76f70"},{"id":"6287864292211@s.whatsapp.net","name":"q","age":"a003aee8d3b452a74664"},{"id":"263777421655@s.whatsapp.net","name":"🆉🅸🅼🅰🅱🆆🅴🅰🅽 🅼🅸🅳🅵🅸🅴🅻🅳🅴🆁","age":"551ed08ef7b33f0fced0"},{"id":"263787247983@s.whatsapp.net","name":"Genzi Buddie🤲🏻❤️","age":"705355f024fbfb3c5757"},{"id":"263788275998@s.whatsapp.net","name":"Automotive Services🔩⚙️🧰🚆","age":"52a1ddac829dc2d10c71"},{"id":"2347025012871@s.whatsapp.net","name":"Young","age":"95f1e207798b7c0e984c"},{"id":"6285860162511@s.whatsapp.net","name":".","age":"d945a637963363af5c0c"},{"id":"263719589280@s.whatsapp.net","name":"🤣🤡🦁🦁Rowan Mr Trouble Make","age":"2b1432cf8b93903094eb"},{"id":"6282350431391@s.whatsapp.net","name":"Digiedaw |Hnz 𝐒`𝐀𝐧𝐭𝐢𝐉𝐨𝐦𝐨𝐤","age":"54f0c39621806eb91f2a"},{"id":"6285788049465@s.whatsapp.net","name":"ardy.","age":"52cfc9eade03373f60c2"},{"id":"263780789817@s.whatsapp.net","name":"Hazelle","age":"97789f4ed49a96ead572"},{"id":"6287787505527@s.whatsapp.net","name":"0%","age":"241f0e9f667f2b0e2443"}]