[
{"url":"https://telegra.ph/file/26e4dff45a31ee8225dd3.mp4"}, 
{"url":"https://telegra.ph/file/cbec7f1fb107e3a6ad22d.mp4"}, 
{"url":"https://telegra.ph/file/ba0aaf03ebca2093f69fe.mp4"}, 
{"url":"https://telegra.ph/file/a11bcb3cfc79b41d0cec7.mp4"}, 
{"url":"https://telegra.ph/file/d70b16f3d6bc1e27ea165.mp4"}, 
{"url":"https://telegra.ph/file/1390e9e192bb7e464f64d.mp4"}, 
{"url":"https://telegra.ph/file/94836946afaff5cda50b5.mp4"}, 
{"url":"https://telegra.ph/file/064258e8efeb464549b5b.mp4"}, 
{"url":"https://telegra.ph/file/ccbb0ca9f95f6a4443217.mp4"}, 
{"url":"https://telegra.ph/file/ad88681101c0cf868805b.mp4"}, 
{"url":"https://telegra.ph/file/0f01359df3d7607aed4cf.mp4"}, 
{"url":"https://telegra.ph/file/288614816d53ac8eae38f.mp4"}, 
{"url":"https://telegra.ph/file/09e2f3d9c01b2305784fa.mp4"}
]